{
  "movies": [
    {
      "id": 1,
      "title": "Inception",
      "genre_ids": [
        28,
        12,
        878
      ],
      "vote_average": 8.8,
      "poster_path": "/9gk7adHYeDvHkCSEqAvQNLV5Uge.jpg"
    },
    {
      "id": 2,
      "title": "The Dark Knight",
      "genre_ids": [
        28,
        80,
        18
      ],
      "vote_average": 9,
      "poster_path": "/qJ2tW6WMUDux911r6m7haRef0WH.jpg"
    },
    {
      "id": 3,
      "title": "The Dark Knight",
      "genre_ids": [
        28,
        80,
        18
      ],
      "vote_average": 9,
      "poster_path": "/qJ2tW6WMUDux911r6m7haRef0WH.jpg"
    },
    {
      "id": 4,
      "title": "Interstellar",
      "genre_ids": [
        12,
        18,
        878
      ],
      "vote_average": 8.6,
      "poster_path": "/gEU2QniE6E77NI6lCU6MxlNBvIx.jpg"
    },
    {
      "id": 5,
      "title": "The Matrix",
      "genre_ids": [
        28,
        878
      ],
      "vote_average": 8.7,
      "poster_path": "/f89U3ADcgAd7kmgK3eQ2jL8j9m.jpg"
    },
    {
      "id": 6,
      "title": "Pulp Fiction",
      "genre_ids": [
        53,
        80
      ],
      "vote_average": 8.9,
      "poster_path": "/dD1z0aXb1c5Z4s0y2h1k5J2x5q.jpg"
    },
    {
      "id": 7,
      "title": "The Shawshank Redemption",
      "genre_ids": [
        18
      ],
      "vote_average": 9.3,
      "poster_path": "/q6y0Go1t8i4tY4r7b1k5J2x5q.jpg"
    },
    {
      "id": 8,
      "title": "Forrest Gump",
      "genre_ids": [
        18
      ],
      "vote_average": 8.8,
      "poster_path": "/bO2z0aXb1c5Z4s0y2h1k5J2x5q.jpg"
    },
    {
      "id": 9,
      "title": "The Godfather",
      "genre_ids": [
        18
      ],
      "vote_average": 9.2,
      "poster_path": "/dD1z0aXb1c5Z4s0y2h1k5J2x5q.jpg"
    }
  ]
}